,locations_list,trip_len
120588,"['02fa12dfb03dc748e21ba81cb6caba66ea51c81a66f210db986bd8c9c865d1db', '9ea0a17ae2cd7b511ece9af56abab20838ef9fed2843ef106c2410fd237bdd50', '24001223e9571c1a615ec480b63cdd9a4948dccdd76755e4844295e99c0750e3', '9961a68e5cea1ff033a2684b666c987bea355bcbb2019575dbb4f448d6a34bca', '24001223e9571c1a615ec480b63cdd9a4948dccdd76755e4844295e99c0750e3', '99d0010069f891f6d43b31c63db1e6650eb0a98039363d58a74c13f0bc0dacb2', 'af0d3cdb98f198dd2c176b5781c08f3135f2c26fb76628ce8d559de4d6c7dbd5', '99d0010069f891f6d43b31c63db1e6650eb0a98039363d58a74c13f0bc0dacb2', 'b98ee8669a57be8fd683d10235a884f8c65b2e5bde5157c0b45d7ab825f11de0', '24798f32b5baf96126490a95580b44331f1a6629e3c702003c03fe5cbf29a5ce', '24001223e9571c1a615ec480b63cdd9a4948dccdd76755e4844295e99c0750e3', '9961a68e5cea1ff033a2684b666c987bea355bcbb2019575dbb4f448d6a34bca', '238037d34c5b0d2a01249040df2098f5ec10abc422cdefddf80e23108edab58a', '238037d34c5b0d2a01249040df2098f5ec10abc422cdefddf80e23108edab58a', '24001223e9571c1a615ec480b63cdd9a4948dccdd76755e4844295e99c0750e3', '9961a68e5cea1ff033a2684b666c987bea355bcbb2019575dbb4f448d6a34bca', '24001223e9571c1a615ec480b63cdd9a4948dccdd76755e4844295e99c0750e3', '238037d34c5b0d2a01249040df2098f5ec10abc422cdefddf80e23108edab58a', 'af0d3cdb98f198dd2c176b5781c08f3135f2c26fb76628ce8d559de4d6c7dbd5', '94ca265fee8a57b45f657de0a2d09ca75d64b43cfcfdb4d8eed253df2c97b6bb', '24001223e9571c1a615ec480b63cdd9a4948dccdd76755e4844295e99c0750e3', '238037d34c5b0d2a01249040df2098f5ec10abc422cdefddf80e23108edab58a', '60294d86553bc3e15795b233ac3402f7ca91b7562c883d68e410dc147796b357', '24001223e9571c1a615ec480b63cdd9a4948dccdd76755e4844295e99c0750e3', '238037d34c5b0d2a01249040df2098f5ec10abc422cdefddf80e23108edab58a', 'b39c7034454e0815eb8b0b3587e5dbd7ef5dfbe3a595845e0d054a37d587aa6c']",5f9c4ab08cac7457e9111a30e4664920607ea2c115a1433d7be98e97e64244ca
59147,"['a764f2ce24df741df79eb20ca0c81a9b81f48a0494050146c0f6569ecf26749a', '9615c826c2cc2dc9130350d1e86f37d1e7167c4b1482d3baa013cac27d864b30', '1cae76d372e29a0c1e4971cfd2b78204d84fa567639151c81fab6b557c5a4335', 'aad2516ec373b2230918eaf1a4b2fc74b1ef7eee5aaabbb6654692d021ce6bc8', 'ae7d941dd21b212f1ff9ae379844185e18e032edf5beed7fbf4ec6b57fe1daa1', 'c08df3cc6b7c33d922f669af98072eb211dbc6f9c54fdf61aa82c9a8b4a3bb61', 'c55d120bca9aec7e3ed88d38e6c4ee45a3c4ff236c8f077944496936d9523958', '5c1f9a36a76360acdb86b6859da42f3ea7abe57ba5f5d836066039885f619924', '2eb27f66780eca2e7fdb256a07d9c346af91cc191b005c4e4de5322f892ef6d8', 'b83e778f78aab4fd037a88d32cb8852236e9450ce9b1228e9196cfb7b8b500d9', '6de743491216ae916edb6a9790e91ba531616a49c4dae70b532f7b998ad832be', '8a8780e686116908d96bd26698c25af726d2eaba3beaa8d0a612c9d264b8dbc1']",6b51d431df5d7f141cbececcf79edf3dd861c3b4069f0b11661a3eefacbba918
302300,"['99d0010069f891f6d43b31c63db1e6650eb0a98039363d58a74c13f0bc0dacb2', 'cf488acc4d95a725831a0162ff06023768b3dd2774ebecc78158fb3ccc87b64c']",d4735e3a265e16eee03f59718b9b5d03019c07d8b6c51f90da3a666eec13ab35
333787,"['f13cc69e4d69c1458d3aa81a296394d288b91f4a858664560b373f1e2ed3db60', '6642a52e0508bd87e24cbb308289d7d2d26b923cd1f4f9223ed60cf1efcf7885', '41964098bedf63493c80cb7b62753c3f6917f0e3e59ec58c8c9987db5fbb0dd3', 'f13cc69e4d69c1458d3aa81a296394d288b91f4a858664560b373f1e2ed3db60', '5c1f9a36a76360acdb86b6859da42f3ea7abe57ba5f5d836066039885f619924', '8a8780e686116908d96bd26698c25af726d2eaba3beaa8d0a612c9d264b8dbc1', '41964098bedf63493c80cb7b62753c3f6917f0e3e59ec58c8c9987db5fbb0dd3', 'f13cc69e4d69c1458d3aa81a296394d288b91f4a858664560b373f1e2ed3db60', '00a5c509376cfb98a2a93c02ae0eb5df065bf02be156a7ccc6c5ea6a3487f390', '6642a52e0508bd87e24cbb308289d7d2d26b923cd1f4f9223ed60cf1efcf7885', 'f13cc69e4d69c1458d3aa81a296394d288b91f4a858664560b373f1e2ed3db60']",4fc82b26aecb47d2868c4efbe3581732a3e7cbcc6c2efb32062c08170a05eeb8
153870,"['b993c8014a9a736ee31cb4d3369778bed3c20b1e72bb27e5ebe4f9b68afd418b', 'b0ff03e66c9aa47c7753085c248f526afd92b6914c386e0a4148839f23f5d4af', 'de792c950874e5725180d7eb1222504d46be42195b9786d1f7696834d3103dd0']",4e07408562bedb8b60ce05c1decfe3ad16b72230967de01f640b7e4729b49fce
321947,"['dd98003b782424aede3e1427a82c2f3d1e77b825123fcf62e398758ce2a0ee74', '063dca206ee18d24e21b048f1383b2baa08e4428b5ef92aa625b6f12830e7f62', 'f3e0a5976e99b4c72ddbb0d32422a26db284114b0d827443163bb399ff956acf', 'd6d7420b647dce3969fa40fd97ec94f5bd36e1498945877674a402184020fcef']",4b227777d4dd1fc61c6f884f48641d02b4d121d3fd328cb08b5531fcacdabf8a
344144,"['02fa12dfb03dc748e21ba81cb6caba66ea51c81a66f210db986bd8c9c865d1db', '80330073182669dbe05d018ab8216d2ca9e38dc0ce80c7d8d3d96997339b9bde', '5d35b3efa778fede79c5c2af6a524d0a1eb61da0f4e08e6bae8be53fe7986a4f', '17214e2d30ebb0eafe4b8866d63e3431e7258a23bbbc214cd92ddc72e114ba42', '1129055a09e8f90dd3136dced0f958fca46bccf111fea0923492c185230c7c82']",ef2d127de37b942baad06145e54b0c619a1f22327b2ebbcfbec78f5564afe39d
173407,"['cacb5ef2024d717587f4588eeb585b6f4ba5695d36555aa16d8e5771f2f08f87', '6bb511b8cdad286bd9725a997b8ac0752a8676d61655fdb2caaf29089b5bb780', '99e9207ddcfbab790ec1a2f2f6ed35189d8760677cf656e49ac7f2735dc75413', 'b9458cb8dcfa25f89a73be7c3447e177bf31cc9789e65c0c54555991de9c3924', 'ae1446357c3c772d6fabb6155536c94d1aacc8d0d5bd85fe81320cde8c3554e1', '0847123ae5dc0b77180e509ef26ae4b5a513254da5215c90fc908d9dfc9b457c', 'aad2516ec373b2230918eaf1a4b2fc74b1ef7eee5aaabbb6654692d021ce6bc8']",7902699be42c8a8e46fbbb4501726517e86b22c56a189f7625a6da49081b2451
142339,"['2bfe9000091b7682db9efc179d8d30f49fa75e3fb016c885547f140dfa8dcc56', '2bfe9000091b7682db9efc179d8d30f49fa75e3fb016c885547f140dfa8dcc56', 'a40b41752b5b02fabc44d7221273ce8d075f8efe72bfab43e6726d6ed2e9fabc', '2bfe9000091b7682db9efc179d8d30f49fa75e3fb016c885547f140dfa8dcc56', 'a40b41752b5b02fabc44d7221273ce8d075f8efe72bfab43e6726d6ed2e9fabc', '2bfe9000091b7682db9efc179d8d30f49fa75e3fb016c885547f140dfa8dcc56', 'a40b41752b5b02fabc44d7221273ce8d075f8efe72bfab43e6726d6ed2e9fabc', '2bfe9000091b7682db9efc179d8d30f49fa75e3fb016c885547f140dfa8dcc56', 'a40b41752b5b02fabc44d7221273ce8d075f8efe72bfab43e6726d6ed2e9fabc', '2e156da253a8350c56ccad0375194522013cf652e19b5a0e90d538a892f5747d', '2e156da253a8350c56ccad0375194522013cf652e19b5a0e90d538a892f5747d', 'a40b41752b5b02fabc44d7221273ce8d075f8efe72bfab43e6726d6ed2e9fabc', '2bfe9000091b7682db9efc179d8d30f49fa75e3fb016c885547f140dfa8dcc56', '2bfe9000091b7682db9efc179d8d30f49fa75e3fb016c885547f140dfa8dcc56', 'a40b41752b5b02fabc44d7221273ce8d075f8efe72bfab43e6726d6ed2e9fabc', '2bfe9000091b7682db9efc179d8d30f49fa75e3fb016c885547f140dfa8dcc56', '075cb24bb03882261cb8619a11e97cc3840a4d7ba6a507fe4f75bd5a9fecc7dc', '24aa7da74f77bd3fa888328daa144b9db46536f512a7bb86c94d62742a0c60aa', '8a8780e686116908d96bd26698c25af726d2eaba3beaa8d0a612c9d264b8dbc1', 'a40b41752b5b02fabc44d7221273ce8d075f8efe72bfab43e6726d6ed2e9fabc', '2bfe9000091b7682db9efc179d8d30f49fa75e3fb016c885547f140dfa8dcc56', '540eb38895134913f2800165d7cf4fdcfe07dc8c52283eea184fc0ad18b193b6', '2bfe9000091b7682db9efc179d8d30f49fa75e3fb016c885547f140dfa8dcc56', '1029ce6ad6295272d49034c4c23aecb9a814714a6f682bded817587527d8cc84', '5c1f9a36a76360acdb86b6859da42f3ea7abe57ba5f5d836066039885f619924', '2bfe9000091b7682db9efc179d8d30f49fa75e3fb016c885547f140dfa8dcc56', 'a40b41752b5b02fabc44d7221273ce8d075f8efe72bfab43e6726d6ed2e9fabc', '2bfe9000091b7682db9efc179d8d30f49fa75e3fb016c885547f140dfa8dcc56', '2bfe9000091b7682db9efc179d8d30f49fa75e3fb016c885547f140dfa8dcc56', '8c5ea235f6491d5afa5ec8619dacb3e0079c59e3398c18ef32131a8b7fe7f8ab']",624b60c58c9d8bfb6ff1886c2fd605d2adeb6ea4da576068201b6c6958ce93f4
246214,"['abcb3b74c1c381f13d4c6f007d00cd6714e9f5df45278cc3f6a3cd9e09c328b1', '50c7649876825c7621086256b81f35b85ae19a888d55b0aca6189f30458925d6', '94ba8f2fef2a583869f6cae00f130b21d24c47e04043a5118ca87d526f0eb417', 'b85dfd48cccefa7b666850ac44060e3dd33809d35c255d62a2a8588787df5c20', '94ba8f2fef2a583869f6cae00f130b21d24c47e04043a5118ca87d526f0eb417', 'eba69147dc8b42a23ee121338903d6f47678e877ef8011435b48a275f4c8ceb8', '94ba8f2fef2a583869f6cae00f130b21d24c47e04043a5118ca87d526f0eb417', '2e156da253a8350c56ccad0375194522013cf652e19b5a0e90d538a892f5747d', '957799cfd9a6c92a0cdba12e8567a88b21d474f90dad3b0a469f5b8d3ff2c1e9', 'd419597ae5fe3e284082df1a23c5e58a101010c99f8b615075fa8af1e24af8b0', '94ba8f2fef2a583869f6cae00f130b21d24c47e04043a5118ca87d526f0eb417', '8c3448791423b4d9662be7053e03dac2f21a7e011d0cfd1f2f86014697350c51', 'eba69147dc8b42a23ee121338903d6f47678e877ef8011435b48a275f4c8ceb8', '94ba8f2fef2a583869f6cae00f130b21d24c47e04043a5118ca87d526f0eb417', 'eba69147dc8b42a23ee121338903d6f47678e877ef8011435b48a275f4c8ceb8', '8c3448791423b4d9662be7053e03dac2f21a7e011d0cfd1f2f86014697350c51', '94ba8f2fef2a583869f6cae00f130b21d24c47e04043a5118ca87d526f0eb417']",4523540f1504cd17100c4835e85b7eefd49911580f8efff0599a8f283be6b9e3
47662,"['ab46a597f8e2678bee7d710ffeb476fce78d52720b09657f8ca60102c425edbe', 'bec075f2b8b3855d871f61ec32ca37f6392b0a85012828bf220bb9767392df22', '1cae76d372e29a0c1e4971cfd2b78204d84fa567639151c81fab6b557c5a4335', 'bec075f2b8b3855d871f61ec32ca37f6392b0a85012828bf220bb9767392df22', '94ca265fee8a57b45f657de0a2d09ca75d64b43cfcfdb4d8eed253df2c97b6bb', '0eb6ac40fd0ac74ac2cefa97ce88a8522a9c9845e360cfef396b1e5730dad7d4', 'bec075f2b8b3855d871f61ec32ca37f6392b0a85012828bf220bb9767392df22']",7902699be42c8a8e46fbbb4501726517e86b22c56a189f7625a6da49081b2451
214444,"['00a5c509376cfb98a2a93c02ae0eb5df065bf02be156a7ccc6c5ea6a3487f390', 'aad2516ec373b2230918eaf1a4b2fc74b1ef7eee5aaabbb6654692d021ce6bc8', '84629aa3314a51098a387a709b640c284830c8782d65e2fb2ba8ef0f7cda9451', '2bfe9000091b7682db9efc179d8d30f49fa75e3fb016c885547f140dfa8dcc56', 'aad2516ec373b2230918eaf1a4b2fc74b1ef7eee5aaabbb6654692d021ce6bc8']",ef2d127de37b942baad06145e54b0c619a1f22327b2ebbcfbec78f5564afe39d
296807,"['e6c190b87a8fa28d3d3ecc68e82d85046433f290ce8b74852c1c17999f4b57cd', 'd168c28267c8af1a01a425ebf688a9d0dfbb2673449b9e6c977e513bec54d1ae', 'a5662cbce7b5592f502b1dc2755f1ad5c9f2ed4d15f4fb4064e77bcfec9f42a0', '24accbf090b2f3f1077a3afa97e625399d0011bbdb01cb0642b38c869bac8602', '7669e5cadd2c2176bc01a1750bc372d95bf2a56160578f512b2916f8cc376a9e', '41964098bedf63493c80cb7b62753c3f6917f0e3e59ec58c8c9987db5fbb0dd3', '5896eef36b312ab2fe3135e82dc1f3ed47095515153fdd52c013f9b9c6b87571', 'abd6e6e2f316fdec2e3f47ddd3af10ca57f232d8fb65eb1d086416005bbd8338', '5896eef36b312ab2fe3135e82dc1f3ed47095515153fdd52c013f9b9c6b87571', 'f514f992ce171bdcbfb45ad0c3f9a655383919c8b6d86f4e7283502ca73bda7b', 'f13cc69e4d69c1458d3aa81a296394d288b91f4a858664560b373f1e2ed3db60', '93b539d0b364bcae55b638c649e55a7b4f79cd4bbbbf8e37dd9e404f659ff923']",6b51d431df5d7f141cbececcf79edf3dd861c3b4069f0b11661a3eefacbba918
442501,"['d4cc55271b0341410674f2f9e0000b70c40b0da7ac0c93b10c9798cb429743e9', '7336cc4ead2dd7cba327cf541d684e7f9054707df75b3dc69369dd75ec2ef471', 'b5c3705d69070fedc7aa9a4a381484a3435035b5e2108cfc3f6ffc44d7cf9317', 'a8dafb5022b762d5bbb01c2116ded6a93f654a5ed437813f0ddeec96034651ce', '2227606ab8e049608fb66ca7c3ef80bf2e5316d6029fedf31627187e6af0dcca', '6452fa84a2d46b24069fda377cd5db3cdfa571e2df6d322c67f45ec45dbfb6f0', 'c16129312b4550c09f9f00901a574fdd434805ec81adca1fb664ac32d0e57ee5', 'e92cc708b16f8d8dfe572d6b75dd5e2af320666cdecabd9891a299b96acec073', 'a962e1bb2c60f5d65deb657a909e90ed63ae65e4f8af4842b4be74e64099fcc5']",19581e27de7ced00ff1ce50b2047e7a567c76b1cbaebabe5ef03f7c3017bb5b7
156131,"['aad2516ec373b2230918eaf1a4b2fc74b1ef7eee5aaabbb6654692d021ce6bc8', '6cc5969e7b2471159f300c6365b7d6e87b532536de79cb2e29b45974450cd144']",d4735e3a265e16eee03f59718b9b5d03019c07d8b6c51f90da3a666eec13ab35
212121,"['d5f4256a046bcdc09ae36255b94cc15d8198d320ec8187de8bcc5c3c40ef24dd', 'ef4aae6d8829282c529680b2d77b7e89795c5e46c0fe4a4ab27a1807b1cfeefa', 'e621062d08db34a296769f8a9be58f8e1fda62680c5be003b2896def46573812']",4e07408562bedb8b60ce05c1decfe3ad16b72230967de01f640b7e4729b49fce
108979,"['9bbd4ea987e28d968982133f80f3b155ab150d6528925df00295a81ed754874d', '5d35b3efa778fede79c5c2af6a524d0a1eb61da0f4e08e6bae8be53fe7986a4f', 'b6e67bebe30f4953ab1b45e74d9ee0efb0440d6bd475fc0538bff3cfeb27c55f', 'd0548e87b05b93767c3501716059e0f0c806aad4c7c2f23dd01ef8d171b568bd', 'ac1ee3c7af4ac9728322af37df548bd05b4d5912306f7d4f22cf63d5c64aa18a', 'ac1ee3c7af4ac9728322af37df548bd05b4d5912306f7d4f22cf63d5c64aa18a', 'd0548e87b05b93767c3501716059e0f0c806aad4c7c2f23dd01ef8d171b568bd', 'ac1ee3c7af4ac9728322af37df548bd05b4d5912306f7d4f22cf63d5c64aa18a', '1c2a014b8cd4157f476bcd66c93beb72b7f89254df37f84f79fa0b385198e253', '9961a68e5cea1ff033a2684b666c987bea355bcbb2019575dbb4f448d6a34bca', '5d35b3efa778fede79c5c2af6a524d0a1eb61da0f4e08e6bae8be53fe7986a4f', '5d35b3efa778fede79c5c2af6a524d0a1eb61da0f4e08e6bae8be53fe7986a4f', '9bbd4ea987e28d968982133f80f3b155ab150d6528925df00295a81ed754874d', '9961a68e5cea1ff033a2684b666c987bea355bcbb2019575dbb4f448d6a34bca', 'f1b4926d58140daf2940380fcd4e272535918eb5856e2d62d21e124aaad8f15b', '9bbd4ea987e28d968982133f80f3b155ab150d6528925df00295a81ed754874d', '17214e2d30ebb0eafe4b8866d63e3431e7258a23bbbc214cd92ddc72e114ba42', 'd0548e87b05b93767c3501716059e0f0c806aad4c7c2f23dd01ef8d171b568bd', '446b4d1b1c91e8cbca21db2cdb54e7ed4dc9f6f05db51b20e7b54a0f0d3ef9de', '9961a68e5cea1ff033a2684b666c987bea355bcbb2019575dbb4f448d6a34bca', 'f1b4926d58140daf2940380fcd4e272535918eb5856e2d62d21e124aaad8f15b', 'f1b4926d58140daf2940380fcd4e272535918eb5856e2d62d21e124aaad8f15b', '9bbd4ea987e28d968982133f80f3b155ab150d6528925df00295a81ed754874d', 'ac1ee3c7af4ac9728322af37df548bd05b4d5912306f7d4f22cf63d5c64aa18a', '17214e2d30ebb0eafe4b8866d63e3431e7258a23bbbc214cd92ddc72e114ba42', 'ac1ee3c7af4ac9728322af37df548bd05b4d5912306f7d4f22cf63d5c64aa18a', 'b6e67bebe30f4953ab1b45e74d9ee0efb0440d6bd475fc0538bff3cfeb27c55f', 'f1b4926d58140daf2940380fcd4e272535918eb5856e2d62d21e124aaad8f15b', '9bbd4ea987e28d968982133f80f3b155ab150d6528925df00295a81ed754874d', 'f1b4926d58140daf2940380fcd4e272535918eb5856e2d62d21e124aaad8f15b', 'ac1ee3c7af4ac9728322af37df548bd05b4d5912306f7d4f22cf63d5c64aa18a', 'f1b4926d58140daf2940380fcd4e272535918eb5856e2d62d21e124aaad8f15b', '17214e2d30ebb0eafe4b8866d63e3431e7258a23bbbc214cd92ddc72e114ba42', 'd0548e87b05b93767c3501716059e0f0c806aad4c7c2f23dd01ef8d171b568bd', 'ac1ee3c7af4ac9728322af37df548bd05b4d5912306f7d4f22cf63d5c64aa18a', 'ac1ee3c7af4ac9728322af37df548bd05b4d5912306f7d4f22cf63d5c64aa18a', 'f1b4926d58140daf2940380fcd4e272535918eb5856e2d62d21e124aaad8f15b', '9bbd4ea987e28d968982133f80f3b155ab150d6528925df00295a81ed754874d', '9bbd4ea987e28d968982133f80f3b155ab150d6528925df00295a81ed754874d', 'eeb0fab935c470c57e6c2da12d3d8f91e7ae8843c8e98c1bb430b8c66df8283c', '262305f879010354b9470735ae9b8a8e06dd4989b9d086a11fdd2c3c2aa49693', 'ab8f265cc2a5c9927fb31cb63fc51393de53b77053dfaffa9dc01da8ea100f93', 'ac1ee3c7af4ac9728322af37df548bd05b4d5912306f7d4f22cf63d5c64aa18a', 'ac1ee3c7af4ac9728322af37df548bd05b4d5912306f7d4f22cf63d5c64aa18a', '5d35b3efa778fede79c5c2af6a524d0a1eb61da0f4e08e6bae8be53fe7986a4f', 'b6e67bebe30f4953ab1b45e74d9ee0efb0440d6bd475fc0538bff3cfeb27c55f', 'ac1ee3c7af4ac9728322af37df548bd05b4d5912306f7d4f22cf63d5c64aa18a', '9bbd4ea987e28d968982133f80f3b155ab150d6528925df00295a81ed754874d', '9bbd4ea987e28d968982133f80f3b155ab150d6528925df00295a81ed754874d', '17214e2d30ebb0eafe4b8866d63e3431e7258a23bbbc214cd92ddc72e114ba42', '5d35b3efa778fede79c5c2af6a524d0a1eb61da0f4e08e6bae8be53fe7986a4f', '17214e2d30ebb0eafe4b8866d63e3431e7258a23bbbc214cd92ddc72e114ba42', '9bbd4ea987e28d968982133f80f3b155ab150d6528925df00295a81ed754874d', 'f1b4926d58140daf2940380fcd4e272535918eb5856e2d62d21e124aaad8f15b', 'b6e67bebe30f4953ab1b45e74d9ee0efb0440d6bd475fc0538bff3cfeb27c55f', '5d35b3efa778fede79c5c2af6a524d0a1eb61da0f4e08e6bae8be53fe7986a4f', '5d35b3efa778fede79c5c2af6a524d0a1eb61da0f4e08e6bae8be53fe7986a4f', '9bbd4ea987e28d968982133f80f3b155ab150d6528925df00295a81ed754874d', 'ac1ee3c7af4ac9728322af37df548bd05b4d5912306f7d4f22cf63d5c64aa18a', 'f1b4926d58140daf2940380fcd4e272535918eb5856e2d62d21e124aaad8f15b', '9bbd4ea987e28d968982133f80f3b155ab150d6528925df00295a81ed754874d', 'd0548e87b05b93767c3501716059e0f0c806aad4c7c2f23dd01ef8d171b568bd', 'b6e67bebe30f4953ab1b45e74d9ee0efb0440d6bd475fc0538bff3cfeb27c55f', 'f1b4926d58140daf2940380fcd4e272535918eb5856e2d62d21e124aaad8f15b', '5d35b3efa778fede79c5c2af6a524d0a1eb61da0f4e08e6bae8be53fe7986a4f', 'b6e67bebe30f4953ab1b45e74d9ee0efb0440d6bd475fc0538bff3cfeb27c55f', 'ac1ee3c7af4ac9728322af37df548bd05b4d5912306f7d4f22cf63d5c64aa18a', 'f1b4926d58140daf2940380fcd4e272535918eb5856e2d62d21e124aaad8f15b', 'd0548e87b05b93767c3501716059e0f0c806aad4c7c2f23dd01ef8d171b568bd', 'b98ee8669a57be8fd683d10235a884f8c65b2e5bde5157c0b45d7ab825f11de0', 'eeb0fab935c470c57e6c2da12d3d8f91e7ae8843c8e98c1bb430b8c66df8283c']",7f2253d7e228b22a08bda1f09c516f6fead81df6536eb02fa991a34bb38d9be8
370320,"['ab46a597f8e2678bee7d710ffeb476fce78d52720b09657f8ca60102c425edbe', '7bd13cfdcdd1cadab68878493f5472110d4e18b98290b936816b86e621b76db2', '6f370ec14aa841062d424e890ff190b2a1b2936c88537e093c11f5dd5a97e9b0', '7bd13cfdcdd1cadab68878493f5472110d4e18b98290b936816b86e621b76db2', 'ab46a597f8e2678bee7d710ffeb476fce78d52720b09657f8ca60102c425edbe', '5aa5ae5d26ce39b51daae5c0ef12dcd69f9a1a32ad8d304b657240f955f240e7', '5aa5ae5d26ce39b51daae5c0ef12dcd69f9a1a32ad8d304b657240f955f240e7', '7bd13cfdcdd1cadab68878493f5472110d4e18b98290b936816b86e621b76db2', '6f370ec14aa841062d424e890ff190b2a1b2936c88537e093c11f5dd5a97e9b0', '6f370ec14aa841062d424e890ff190b2a1b2936c88537e093c11f5dd5a97e9b0', '6f370ec14aa841062d424e890ff190b2a1b2936c88537e093c11f5dd5a97e9b0', '6f370ec14aa841062d424e890ff190b2a1b2936c88537e093c11f5dd5a97e9b0', '7bd13cfdcdd1cadab68878493f5472110d4e18b98290b936816b86e621b76db2', '84629aa3314a51098a387a709b640c284830c8782d65e2fb2ba8ef0f7cda9451', '7bd13cfdcdd1cadab68878493f5472110d4e18b98290b936816b86e621b76db2', '6f370ec14aa841062d424e890ff190b2a1b2936c88537e093c11f5dd5a97e9b0', '5aa5ae5d26ce39b51daae5c0ef12dcd69f9a1a32ad8d304b657240f955f240e7', '7bd13cfdcdd1cadab68878493f5472110d4e18b98290b936816b86e621b76db2', '6f370ec14aa841062d424e890ff190b2a1b2936c88537e093c11f5dd5a97e9b0', '5aa5ae5d26ce39b51daae5c0ef12dcd69f9a1a32ad8d304b657240f955f240e7', '6f370ec14aa841062d424e890ff190b2a1b2936c88537e093c11f5dd5a97e9b0', '075cb24bb03882261cb8619a11e97cc3840a4d7ba6a507fe4f75bd5a9fecc7dc', '17f2d6cf7ddb0ee5b513eef11d49e6ba898609ae272ac8ef093fd2e98c45beb0', '6f370ec14aa841062d424e890ff190b2a1b2936c88537e093c11f5dd5a97e9b0', '6f370ec14aa841062d424e890ff190b2a1b2936c88537e093c11f5dd5a97e9b0', '6f370ec14aa841062d424e890ff190b2a1b2936c88537e093c11f5dd5a97e9b0', '6f370ec14aa841062d424e890ff190b2a1b2936c88537e093c11f5dd5a97e9b0', '6f370ec14aa841062d424e890ff190b2a1b2936c88537e093c11f5dd5a97e9b0', '7bd13cfdcdd1cadab68878493f5472110d4e18b98290b936816b86e621b76db2', '6f370ec14aa841062d424e890ff190b2a1b2936c88537e093c11f5dd5a97e9b0', '6f370ec14aa841062d424e890ff190b2a1b2936c88537e093c11f5dd5a97e9b0', '6f370ec14aa841062d424e890ff190b2a1b2936c88537e093c11f5dd5a97e9b0', '6f370ec14aa841062d424e890ff190b2a1b2936c88537e093c11f5dd5a97e9b0', '6f370ec14aa841062d424e890ff190b2a1b2936c88537e093c11f5dd5a97e9b0', '7bd13cfdcdd1cadab68878493f5472110d4e18b98290b936816b86e621b76db2', '7bd13cfdcdd1cadab68878493f5472110d4e18b98290b936816b86e621b76db2', '7bd13cfdcdd1cadab68878493f5472110d4e18b98290b936816b86e621b76db2', '7bd13cfdcdd1cadab68878493f5472110d4e18b98290b936816b86e621b76db2', '7bd13cfdcdd1cadab68878493f5472110d4e18b98290b936816b86e621b76db2', 'c3f5984101a45969a1c9d19e43e4335176dffca5e3a2cdeb96b46a846278d71a', '5aa5ae5d26ce39b51daae5c0ef12dcd69f9a1a32ad8d304b657240f955f240e7', '6f370ec14aa841062d424e890ff190b2a1b2936c88537e093c11f5dd5a97e9b0', '7bd13cfdcdd1cadab68878493f5472110d4e18b98290b936816b86e621b76db2', '6f370ec14aa841062d424e890ff190b2a1b2936c88537e093c11f5dd5a97e9b0', '7bd13cfdcdd1cadab68878493f5472110d4e18b98290b936816b86e621b76db2', '5aa5ae5d26ce39b51daae5c0ef12dcd69f9a1a32ad8d304b657240f955f240e7', '6f370ec14aa841062d424e890ff190b2a1b2936c88537e093c11f5dd5a97e9b0', '7bd13cfdcdd1cadab68878493f5472110d4e18b98290b936816b86e621b76db2', '6f370ec14aa841062d424e890ff190b2a1b2936c88537e093c11f5dd5a97e9b0', '6f370ec14aa841062d424e890ff190b2a1b2936c88537e093c11f5dd5a97e9b0', 'fb507b0cabf4563fc328e4b6c4be544e21f909c2e2bee34cb97c167290c05690', '9223ca4ed49f566891865ec76d480bfce9b1a60eb70c6e23bc2313651d93248c', '6f370ec14aa841062d424e890ff190b2a1b2936c88537e093c11f5dd5a97e9b0', '6f370ec14aa841062d424e890ff190b2a1b2936c88537e093c11f5dd5a97e9b0', '6f370ec14aa841062d424e890ff190b2a1b2936c88537e093c11f5dd5a97e9b0', '6f370ec14aa841062d424e890ff190b2a1b2936c88537e093c11f5dd5a97e9b0', '6f370ec14aa841062d424e890ff190b2a1b2936c88537e093c11f5dd5a97e9b0', '5aa5ae5d26ce39b51daae5c0ef12dcd69f9a1a32ad8d304b657240f955f240e7', '5aa5ae5d26ce39b51daae5c0ef12dcd69f9a1a32ad8d304b657240f955f240e7', '6f370ec14aa841062d424e890ff190b2a1b2936c88537e093c11f5dd5a97e9b0', 'c3f5984101a45969a1c9d19e43e4335176dffca5e3a2cdeb96b46a846278d71a', 'aad2516ec373b2230918eaf1a4b2fc74b1ef7eee5aaabbb6654692d021ce6bc8']",81b8a03f97e8787c53fe1a86bda042b6f0de9b0ec9c09357e107c99ba4d6948a
263507,"['d19ae371063c9f7dc1b0f23e3b808909202be5825b0227ce314a2ffb8bc81fa8', '94ba8f2fef2a583869f6cae00f130b21d24c47e04043a5118ca87d526f0eb417', '1129055a09e8f90dd3136dced0f958fca46bccf111fea0923492c185230c7c82']",4e07408562bedb8b60ce05c1decfe3ad16b72230967de01f640b7e4729b49fce
253869,"['5ac02751f83f3ffc0b5ef55a60b27ef779a5566910cb7d765120aacbb986f361', '94ca265fee8a57b45f657de0a2d09ca75d64b43cfcfdb4d8eed253df2c97b6bb', '60294d86553bc3e15795b233ac3402f7ca91b7562c883d68e410dc147796b357', '94ca265fee8a57b45f657de0a2d09ca75d64b43cfcfdb4d8eed253df2c97b6bb', '5e66335b83d56f478ae664bb3815d71ba5878626b81b04532e8bdb34f3c625ae']",ef2d127de37b942baad06145e54b0c619a1f22327b2ebbcfbec78f5564afe39d
194671,"['17f2d6cf7ddb0ee5b513eef11d49e6ba898609ae272ac8ef093fd2e98c45beb0', '8a8780e686116908d96bd26698c25af726d2eaba3beaa8d0a612c9d264b8dbc1', '70eb3baca9056f46c6ceec865d12145478785218ab2cdd8876b0e87db2d21d75', 'e328508626909a644a0025dbc0187f9c57edb6b4cd19d30b3c906ed1e5f392df']",4b227777d4dd1fc61c6f884f48641d02b4d121d3fd328cb08b5531fcacdabf8a
331452,"['92154ce7ee846aa49ae7d2284de5a14a63aec88d318fa6e4fc780b0bdd970849', '9e66b975e915d410b4bf01bb571abfc19b897d973502b6ce8d9ab104c912b976', '92154ce7ee846aa49ae7d2284de5a14a63aec88d318fa6e4fc780b0bdd970849', '9e66b975e915d410b4bf01bb571abfc19b897d973502b6ce8d9ab104c912b976', '92154ce7ee846aa49ae7d2284de5a14a63aec88d318fa6e4fc780b0bdd970849', '9e66b975e915d410b4bf01bb571abfc19b897d973502b6ce8d9ab104c912b976', '92154ce7ee846aa49ae7d2284de5a14a63aec88d318fa6e4fc780b0bdd970849', '9e66b975e915d410b4bf01bb571abfc19b897d973502b6ce8d9ab104c912b976', '92154ce7ee846aa49ae7d2284de5a14a63aec88d318fa6e4fc780b0bdd970849', '3bbcf953401d94f162373871fdc307c139eef64c55c52008d5d130b6d0c65cf9', '8a82e83276d39c0956ffb0719af0fa9dc8bff1f42b435465ef7232aec3ad46b1', '92154ce7ee846aa49ae7d2284de5a14a63aec88d318fa6e4fc780b0bdd970849', '540eb38895134913f2800165d7cf4fdcfe07dc8c52283eea184fc0ad18b193b6', '58c24127145dbf6b44535744447a0708f22e855b8452ef5f14326453664ee0d8', '5c1f9a36a76360acdb86b6859da42f3ea7abe57ba5f5d836066039885f619924', 'b4333b594f0046f8e0aefc093e15ccb221953e0ce5906c732ebc25dbe372317e', '5c1f9a36a76360acdb86b6859da42f3ea7abe57ba5f5d836066039885f619924', 'b4333b594f0046f8e0aefc093e15ccb221953e0ce5906c732ebc25dbe372317e', '5209682ff260d2a61340656603e161e9aaeb2753106b922d15621fc0d622334e', '5c1f9a36a76360acdb86b6859da42f3ea7abe57ba5f5d836066039885f619924', '033b006dff553557a6e4e046318a1038c4970a8f160a75e8b9fa19bd5e16c329', '5c1f9a36a76360acdb86b6859da42f3ea7abe57ba5f5d836066039885f619924', 'f13cc69e4d69c1458d3aa81a296394d288b91f4a858664560b373f1e2ed3db60', '561b776e576da246377e654c9163bc72cf3650a65c1a6722fd9d6f70219ce808']",c2356069e9d1e79ca924378153cfbbfb4d4416b1f99d41a2940bfdb66c5319db
339874,"['09dc4ad8df89a75b0456797b91ce8cd239604f4ecf1b7ba8c492442c91c6820f', 'bf1cb5d8f64be68b9981d56ab3ec46e0c112bc2dcbd70aad8349d1904b0d9791', '5a3bb5189ce82d70dcb2a8d71532bcf21e935ee4a273db41c80abccf83ca81c2', 'eb7df983c7f01393e8218fc31065494b5ad0bea05432546bc3218ab52dfa92df', 'aad2516ec373b2230918eaf1a4b2fc74b1ef7eee5aaabbb6654692d021ce6bc8', 'a0d661ca1fbbf136eb50aabe24b416481b4176ec746b12bf6505b950ab79e545', 'bf1cb5d8f64be68b9981d56ab3ec46e0c112bc2dcbd70aad8349d1904b0d9791', 'bf1cb5d8f64be68b9981d56ab3ec46e0c112bc2dcbd70aad8349d1904b0d9791', 'a0d661ca1fbbf136eb50aabe24b416481b4176ec746b12bf6505b950ab79e545', '32812bb68d90fc41fe5165c4c435f0dbb67fc253df6ba8bdd06e0b0e404e2af6', '17c0e322c113e37f06446c03e87dc0ccc5f83a72ee7c3950e5819f3e172aeb76', '843b458e0d9953564ac3608e666faebf9a1e3af387a86ab502468a0e41a69bac']",6b51d431df5d7f141cbececcf79edf3dd861c3b4069f0b11661a3eefacbba918
131722,"['fb507b0cabf4563fc328e4b6c4be544e21f909c2e2bee34cb97c167290c05690', '628b9ba0b61855db63fef545de58bc3e962ec7f0ccb7d4970275fa77eb361b73', '5e66335b83d56f478ae664bb3815d71ba5878626b81b04532e8bdb34f3c625ae', 'fb507b0cabf4563fc328e4b6c4be544e21f909c2e2bee34cb97c167290c05690', '5e66335b83d56f478ae664bb3815d71ba5878626b81b04532e8bdb34f3c625ae', '628b9ba0b61855db63fef545de58bc3e962ec7f0ccb7d4970275fa77eb361b73']",e7f6c011776e8db7cd330b54174fd76f7d0216b612387a5ffcfb81e6f0919683
31596,"['eeb0fab935c470c57e6c2da12d3d8f91e7ae8843c8e98c1bb430b8c66df8283c', '116689f47a454e8a57214c857ccbe13919bec451160261f8f440ed42669a7abc']",d4735e3a265e16eee03f59718b9b5d03019c07d8b6c51f90da3a666eec13ab35
371217,"['5a3bb5189ce82d70dcb2a8d71532bcf21e935ee4a273db41c80abccf83ca81c2', '5a3bb5189ce82d70dcb2a8d71532bcf21e935ee4a273db41c80abccf83ca81c2', '5a3bb5189ce82d70dcb2a8d71532bcf21e935ee4a273db41c80abccf83ca81c2', 'a0d661ca1fbbf136eb50aabe24b416481b4176ec746b12bf6505b950ab79e545', '5a3bb5189ce82d70dcb2a8d71532bcf21e935ee4a273db41c80abccf83ca81c2', '5a3bb5189ce82d70dcb2a8d71532bcf21e935ee4a273db41c80abccf83ca81c2', '5a3bb5189ce82d70dcb2a8d71532bcf21e935ee4a273db41c80abccf83ca81c2', 'a0d661ca1fbbf136eb50aabe24b416481b4176ec746b12bf6505b950ab79e545', '5a3bb5189ce82d70dcb2a8d71532bcf21e935ee4a273db41c80abccf83ca81c2', '5a3bb5189ce82d70dcb2a8d71532bcf21e935ee4a273db41c80abccf83ca81c2', 'c3fe2408d8a37139f1fce1055199457b423ad32c8b66f6f4e4eb762b37226adb', '5a3bb5189ce82d70dcb2a8d71532bcf21e935ee4a273db41c80abccf83ca81c2', '5a3bb5189ce82d70dcb2a8d71532bcf21e935ee4a273db41c80abccf83ca81c2', 'a0d661ca1fbbf136eb50aabe24b416481b4176ec746b12bf6505b950ab79e545', '2968eecbfdd4c8bfe2d27e87531aa645b5121dc41ef70e51080093817de91b35', '2968eecbfdd4c8bfe2d27e87531aa645b5121dc41ef70e51080093817de91b35', '2968eecbfdd4c8bfe2d27e87531aa645b5121dc41ef70e51080093817de91b35', '2968eecbfdd4c8bfe2d27e87531aa645b5121dc41ef70e51080093817de91b35', '2968eecbfdd4c8bfe2d27e87531aa645b5121dc41ef70e51080093817de91b35', 'a0d661ca1fbbf136eb50aabe24b416481b4176ec746b12bf6505b950ab79e545', '5a3bb5189ce82d70dcb2a8d71532bcf21e935ee4a273db41c80abccf83ca81c2', '5a3bb5189ce82d70dcb2a8d71532bcf21e935ee4a273db41c80abccf83ca81c2', '5a3bb5189ce82d70dcb2a8d71532bcf21e935ee4a273db41c80abccf83ca81c2', '5a3bb5189ce82d70dcb2a8d71532bcf21e935ee4a273db41c80abccf83ca81c2', '5a3bb5189ce82d70dcb2a8d71532bcf21e935ee4a273db41c80abccf83ca81c2', '5a3bb5189ce82d70dcb2a8d71532bcf21e935ee4a273db41c80abccf83ca81c2', '35a5f1d546dfedc5ec2546fa506e18dc5f60d0964773be3ad0625232c8e66711', 'aad2516ec373b2230918eaf1a4b2fc74b1ef7eee5aaabbb6654692d021ce6bc8', '24001223e9571c1a615ec480b63cdd9a4948dccdd76755e4844295e99c0750e3']",35135aaa6cc23891b40cb3f378c53a17a1127210ce60e125ccf03efcfdaec458
268839,"['24798f32b5baf96126490a95580b44331f1a6629e3c702003c03fe5cbf29a5ce', 'b98ee8669a57be8fd683d10235a884f8c65b2e5bde5157c0b45d7ab825f11de0', 'eeb0fab935c470c57e6c2da12d3d8f91e7ae8843c8e98c1bb430b8c66df8283c', '94ca265fee8a57b45f657de0a2d09ca75d64b43cfcfdb4d8eed253df2c97b6bb', '4d4db37b28299e93038e18a4a370fc5f12f2bae4809d4109a6eb20844f85e653', 'eeb0fab935c470c57e6c2da12d3d8f91e7ae8843c8e98c1bb430b8c66df8283c', '24798f32b5baf96126490a95580b44331f1a6629e3c702003c03fe5cbf29a5ce']",7902699be42c8a8e46fbbb4501726517e86b22c56a189f7625a6da49081b2451
329081,"['aad2516ec373b2230918eaf1a4b2fc74b1ef7eee5aaabbb6654692d021ce6bc8', '94ca265fee8a57b45f657de0a2d09ca75d64b43cfcfdb4d8eed253df2c97b6bb', 'eeb0fab935c470c57e6c2da12d3d8f91e7ae8843c8e98c1bb430b8c66df8283c']",4e07408562bedb8b60ce05c1decfe3ad16b72230967de01f640b7e4729b49fce
370643,"['f77a6f3ecce835381cccafec9bcf5fe0b8926dfc9c4c25506dffda3f376c4555', 'f12c9f831fe035cc81cb11c09888dc5e6b075b97aec8a7ba22849aa934f9ad22', 'f183f7424acde76bd1e10f4adcf84e67a4336114d45acf2b632b1e45e14c3957', '44ba64f84411cc58e556a83fa07686b3b9b152ea4fdebe9471d07d3617074e52', '94ca265fee8a57b45f657de0a2d09ca75d64b43cfcfdb4d8eed253df2c97b6bb', '24eb33c5f8f98314500b1c7f3fe403413c3b3fe0e4ae8ac5cc464dd2b686802c', '44ba64f84411cc58e556a83fa07686b3b9b152ea4fdebe9471d07d3617074e52', 'd319a11178e062e223f3faa7e4c12aaa90e42e270df6f4a3597e3ee107744cea']",2c624232cdd221771294dfbb310aca000a0df6ac8b66b696d90ef06fdefb64a3
220593,"['1322da67067894624bd8c22ff42179f934f4d70dcab6ccc9c29d81b5bc8ee9a1', '8a8780e686116908d96bd26698c25af726d2eaba3beaa8d0a612c9d264b8dbc1', '00743e5553757bd740705d056249313d00a2576cdb72cedc30fae0bf7c6dfb58', '665c5a87cc8c6767c2d1f1d7ca08091b22dc4c2a904cf4c8eeb20820855266e7']",4b227777d4dd1fc61c6f884f48641d02b4d121d3fd328cb08b5531fcacdabf8a
252141,"['628b9ba0b61855db63fef545de58bc3e962ec7f0ccb7d4970275fa77eb361b73', '1cae76d372e29a0c1e4971cfd2b78204d84fa567639151c81fab6b557c5a4335']",d4735e3a265e16eee03f59718b9b5d03019c07d8b6c51f90da3a666eec13ab35
386580,"['b77f651b178692f19a21920b19612a0bc8e22a271d4f2c8f5c96ff6ccd407e34', 'aa65546c064b47db7afbc23a88d51e18e47e11b3f9fcac645b9892b23d33549b', 'aa65546c064b47db7afbc23a88d51e18e47e11b3f9fcac645b9892b23d33549b', 'b77f651b178692f19a21920b19612a0bc8e22a271d4f2c8f5c96ff6ccd407e34', 'b77f651b178692f19a21920b19612a0bc8e22a271d4f2c8f5c96ff6ccd407e34', 'fbab296e6e8421964279b6275f87e5f361cc665521ec59e3ec4a10a5ceea2137', 'b77f651b178692f19a21920b19612a0bc8e22a271d4f2c8f5c96ff6ccd407e34', 'b77f651b178692f19a21920b19612a0bc8e22a271d4f2c8f5c96ff6ccd407e34', '9513b5a5af56b9175a11639782184f86f113a8584536d519bc1e025473b5c895', '945c7f6e820bd890226c527e253d219132afd2adf30b5e02d73bd74c9948d06a', 'de792c950874e5725180d7eb1222504d46be42195b9786d1f7696834d3103dd0']",4fc82b26aecb47d2868c4efbe3581732a3e7cbcc6c2efb32062c08170a05eeb8
245922,"['1cae76d372e29a0c1e4971cfd2b78204d84fa567639151c81fab6b557c5a4335', 'de6291cf84400cef67bf43130cbc4ad1f12beb2c03c2a28174c3db77c482dc3e', '957799cfd9a6c92a0cdba12e8567a88b21d474f90dad3b0a469f5b8d3ff2c1e9', 'a40b41752b5b02fabc44d7221273ce8d075f8efe72bfab43e6726d6ed2e9fabc', 'de6291cf84400cef67bf43130cbc4ad1f12beb2c03c2a28174c3db77c482dc3e', '2bfe9000091b7682db9efc179d8d30f49fa75e3fb016c885547f140dfa8dcc56', 'a40b41752b5b02fabc44d7221273ce8d075f8efe72bfab43e6726d6ed2e9fabc']",7902699be42c8a8e46fbbb4501726517e86b22c56a189f7625a6da49081b2451
372358,"['03041111d438ce117a1e5ef4b5492c16b70e404e329d6a2000326365c92a9050', '238037d34c5b0d2a01249040df2098f5ec10abc422cdefddf80e23108edab58a', '99d0010069f891f6d43b31c63db1e6650eb0a98039363d58a74c13f0bc0dacb2', '60294d86553bc3e15795b233ac3402f7ca91b7562c883d68e410dc147796b357', 'af0d3cdb98f198dd2c176b5781c08f3135f2c26fb76628ce8d559de4d6c7dbd5', '60294d86553bc3e15795b233ac3402f7ca91b7562c883d68e410dc147796b357', '60294d86553bc3e15795b233ac3402f7ca91b7562c883d68e410dc147796b357', 'c16129312b4550c09f9f00901a574fdd434805ec81adca1fb664ac32d0e57ee5', '99d0010069f891f6d43b31c63db1e6650eb0a98039363d58a74c13f0bc0dacb2', '60294d86553bc3e15795b233ac3402f7ca91b7562c883d68e410dc147796b357', '60294d86553bc3e15795b233ac3402f7ca91b7562c883d68e410dc147796b357', '9961a68e5cea1ff033a2684b666c987bea355bcbb2019575dbb4f448d6a34bca', 'cf3ff1a00fa1836509df654dd27e81bd2e64b6ee293b26a7b96817388e44a711', '24001223e9571c1a615ec480b63cdd9a4948dccdd76755e4844295e99c0750e3', '60294d86553bc3e15795b233ac3402f7ca91b7562c883d68e410dc147796b357', 'd51d988389055b7fc7d9f803778a59ab1289c0338088e33d2b7e33ed6ba126c5', 'd51d988389055b7fc7d9f803778a59ab1289c0338088e33d2b7e33ed6ba126c5', '8d5baa326957041e61222d78ab30f209846b0a6c591c1b3e507559f478c89616', 'd51d988389055b7fc7d9f803778a59ab1289c0338088e33d2b7e33ed6ba126c5', 'ee7e8ec8d32ef8215339f1ff41b426c4f5a9b21e5917311a8a8df8856510a53c', 'd51d988389055b7fc7d9f803778a59ab1289c0338088e33d2b7e33ed6ba126c5', '4765250db70cc65d965294d5a8e9bc66c8f7df6dfb1f04868bf80ded9c7afd52', '8e13bc7be03d609262e2bddb54fda9a9e6692f830699465fb9637d575633297d', '262305f879010354b9470735ae9b8a8e06dd4989b9d086a11fdd2c3c2aa49693', 'fcd8b869b3d9546aaff4b19474937a00321ef712f9870a573b03ac1d09cd530b', '19f5406e32805e7534bd7a17474681c0d34f3197984f1e775e04fd8f64393344']",5f9c4ab08cac7457e9111a30e4664920607ea2c115a1433d7be98e97e64244ca
208236,"['9a1352f0b34202e87882fba40e1b68247511d80c6effaf16557f26a695f31012', 'b79a4aa258cde2d4381e96baaa5405e94bc616a03ac2cecbf9fe75d27b24b49e']",d4735e3a265e16eee03f59718b9b5d03019c07d8b6c51f90da3a666eec13ab35
407193,"['96db15ac70c5434d816478e8b084f5cbc845353773d48fd94678162c9ef693e5', 'b1a2f7481baf37163f4aed4cd01312ce31929b924231bcb587e168c5af961b26', '0064724b628736ffae54c5969f285c01d90c2ad746d547578658c00158230a2f', 'b77f651b178692f19a21920b19612a0bc8e22a271d4f2c8f5c96ff6ccd407e34', '4623749c68d5cf0ecb602d273f7bebf81ab237ca9d2cd10477544ecf9fc2db70']",ef2d127de37b942baad06145e54b0c619a1f22327b2ebbcfbec78f5564afe39d
297059,"['de6291cf84400cef67bf43130cbc4ad1f12beb2c03c2a28174c3db77c482dc3e', '8e9e0264e9e1c25fa1af95f2dd1179dc827d65a023e3591270505c44657b5279', 'ba3283662f9fa62fe4996d39a52b71e85c8de192b6ee558c883202cd2588a7ef', '7d0dfc6370500cf4c0839f5c51872834278d63bca98ce992aa364d47ae4105e1', 'c1eeba905a212fec7f5b2de5912efd47ba836f736830b03e5c37bdaa5a12cc9a', '089bd84c61e1be6228caceaa17f1d51ffb096c95c9e4409fa439f3c1156da558']",e7f6c011776e8db7cd330b54174fd76f7d0216b612387a5ffcfb81e6f0919683
135181,"['843b458e0d9953564ac3608e666faebf9a1e3af387a86ab502468a0e41a69bac', '6de743491216ae916edb6a9790e91ba531616a49c4dae70b532f7b998ad832be', '6de743491216ae916edb6a9790e91ba531616a49c4dae70b532f7b998ad832be', '6de743491216ae916edb6a9790e91ba531616a49c4dae70b532f7b998ad832be', 'a84d638f4f894dcdfe42cdda336e77302ccc35d7cfd6fea04b208fd36ac833f9', '6de743491216ae916edb6a9790e91ba531616a49c4dae70b532f7b998ad832be', '6de743491216ae916edb6a9790e91ba531616a49c4dae70b532f7b998ad832be', 'a84d638f4f894dcdfe42cdda336e77302ccc35d7cfd6fea04b208fd36ac833f9', 'a84d638f4f894dcdfe42cdda336e77302ccc35d7cfd6fea04b208fd36ac833f9', 'a84d638f4f894dcdfe42cdda336e77302ccc35d7cfd6fea04b208fd36ac833f9', '6de743491216ae916edb6a9790e91ba531616a49c4dae70b532f7b998ad832be', '6de743491216ae916edb6a9790e91ba531616a49c4dae70b532f7b998ad832be', '6de743491216ae916edb6a9790e91ba531616a49c4dae70b532f7b998ad832be', 'a84d638f4f894dcdfe42cdda336e77302ccc35d7cfd6fea04b208fd36ac833f9', 'a84d638f4f894dcdfe42cdda336e77302ccc35d7cfd6fea04b208fd36ac833f9', '5c1f9a36a76360acdb86b6859da42f3ea7abe57ba5f5d836066039885f619924', '6de743491216ae916edb6a9790e91ba531616a49c4dae70b532f7b998ad832be', 'a84d638f4f894dcdfe42cdda336e77302ccc35d7cfd6fea04b208fd36ac833f9', 'a84d638f4f894dcdfe42cdda336e77302ccc35d7cfd6fea04b208fd36ac833f9', 'a84d638f4f894dcdfe42cdda336e77302ccc35d7cfd6fea04b208fd36ac833f9', '6de743491216ae916edb6a9790e91ba531616a49c4dae70b532f7b998ad832be', '6de743491216ae916edb6a9790e91ba531616a49c4dae70b532f7b998ad832be', '6de743491216ae916edb6a9790e91ba531616a49c4dae70b532f7b998ad832be', '6de743491216ae916edb6a9790e91ba531616a49c4dae70b532f7b998ad832be', 'a84d638f4f894dcdfe42cdda336e77302ccc35d7cfd6fea04b208fd36ac833f9', 'a84d638f4f894dcdfe42cdda336e77302ccc35d7cfd6fea04b208fd36ac833f9', '6de743491216ae916edb6a9790e91ba531616a49c4dae70b532f7b998ad832be', 'a84d638f4f894dcdfe42cdda336e77302ccc35d7cfd6fea04b208fd36ac833f9', 'a84d638f4f894dcdfe42cdda336e77302ccc35d7cfd6fea04b208fd36ac833f9', 'a84d638f4f894dcdfe42cdda336e77302ccc35d7cfd6fea04b208fd36ac833f9', '6de743491216ae916edb6a9790e91ba531616a49c4dae70b532f7b998ad832be', '2eb27f66780eca2e7fdb256a07d9c346af91cc191b005c4e4de5322f892ef6d8', '6de743491216ae916edb6a9790e91ba531616a49c4dae70b532f7b998ad832be', '6de743491216ae916edb6a9790e91ba531616a49c4dae70b532f7b998ad832be', 'a84d638f4f894dcdfe42cdda336e77302ccc35d7cfd6fea04b208fd36ac833f9', 'a84d638f4f894dcdfe42cdda336e77302ccc35d7cfd6fea04b208fd36ac833f9', 'a84d638f4f894dcdfe42cdda336e77302ccc35d7cfd6fea04b208fd36ac833f9', 'a84d638f4f894dcdfe42cdda336e77302ccc35d7cfd6fea04b208fd36ac833f9', '6de743491216ae916edb6a9790e91ba531616a49c4dae70b532f7b998ad832be', 'a84d638f4f894dcdfe42cdda336e77302ccc35d7cfd6fea04b208fd36ac833f9', 'a84d638f4f894dcdfe42cdda336e77302ccc35d7cfd6fea04b208fd36ac833f9', '6de743491216ae916edb6a9790e91ba531616a49c4dae70b532f7b998ad832be', 'a84d638f4f894dcdfe42cdda336e77302ccc35d7cfd6fea04b208fd36ac833f9', '6de743491216ae916edb6a9790e91ba531616a49c4dae70b532f7b998ad832be', 'a84d638f4f894dcdfe42cdda336e77302ccc35d7cfd6fea04b208fd36ac833f9', '6de743491216ae916edb6a9790e91ba531616a49c4dae70b532f7b998ad832be', 'a84d638f4f894dcdfe42cdda336e77302ccc35d7cfd6fea04b208fd36ac833f9', 'a84d638f4f894dcdfe42cdda336e77302ccc35d7cfd6fea04b208fd36ac833f9', 'a84d638f4f894dcdfe42cdda336e77302ccc35d7cfd6fea04b208fd36ac833f9', '6de743491216ae916edb6a9790e91ba531616a49c4dae70b532f7b998ad832be', 'a84d638f4f894dcdfe42cdda336e77302ccc35d7cfd6fea04b208fd36ac833f9', '6de743491216ae916edb6a9790e91ba531616a49c4dae70b532f7b998ad832be', 'a84d638f4f894dcdfe42cdda336e77302ccc35d7cfd6fea04b208fd36ac833f9', 'a84d638f4f894dcdfe42cdda336e77302ccc35d7cfd6fea04b208fd36ac833f9', '6de743491216ae916edb6a9790e91ba531616a49c4dae70b532f7b998ad832be', 'a84d638f4f894dcdfe42cdda336e77302ccc35d7cfd6fea04b208fd36ac833f9', 'a84d638f4f894dcdfe42cdda336e77302ccc35d7cfd6fea04b208fd36ac833f9', 'e32670bfb3478303c702a500c35122c83784be29f517bc269925e492938707ab']",6208ef0f7750c111548cf90b6ea1d0d0a66f6bff40dbef07cb45ec436263c7d6
422058,"['24798f32b5baf96126490a95580b44331f1a6629e3c702003c03fe5cbf29a5ce', 'aad2516ec373b2230918eaf1a4b2fc74b1ef7eee5aaabbb6654692d021ce6bc8', 'eeb0fab935c470c57e6c2da12d3d8f91e7ae8843c8e98c1bb430b8c66df8283c']",4e07408562bedb8b60ce05c1decfe3ad16b72230967de01f640b7e4729b49fce
299976,"['2eb27f66780eca2e7fdb256a07d9c346af91cc191b005c4e4de5322f892ef6d8', '15eab93f1acf69e242196ce24bb0ebd505488fddd0434152e451542ab68273d0', '9b41837042f3b8f5fe941b8d1d961fe181ce6c82fd650f249c009dd5a4a671d4', '4e5cd534ecb1ff4aa49ff38b68e6cebce80447d4adcc054ecc5a389e4769149e', '15eab93f1acf69e242196ce24bb0ebd505488fddd0434152e451542ab68273d0', '9b41837042f3b8f5fe941b8d1d961fe181ce6c82fd650f249c009dd5a4a671d4', '2eb27f66780eca2e7fdb256a07d9c346af91cc191b005c4e4de5322f892ef6d8', 'c08df3cc6b7c33d922f669af98072eb211dbc6f9c54fdf61aa82c9a8b4a3bb61', '6960c850254b4e681b2bfdf27480978d589db79c3adca1cd3bfcafad386c6ca8', '2eb27f66780eca2e7fdb256a07d9c346af91cc191b005c4e4de5322f892ef6d8', '2eb27f66780eca2e7fdb256a07d9c346af91cc191b005c4e4de5322f892ef6d8', '15eab93f1acf69e242196ce24bb0ebd505488fddd0434152e451542ab68273d0', '2eb27f66780eca2e7fdb256a07d9c346af91cc191b005c4e4de5322f892ef6d8', '15eab93f1acf69e242196ce24bb0ebd505488fddd0434152e451542ab68273d0', '15eab93f1acf69e242196ce24bb0ebd505488fddd0434152e451542ab68273d0', '15eab93f1acf69e242196ce24bb0ebd505488fddd0434152e451542ab68273d0', '9b41837042f3b8f5fe941b8d1d961fe181ce6c82fd650f249c009dd5a4a671d4', '2eb27f66780eca2e7fdb256a07d9c346af91cc191b005c4e4de5322f892ef6d8', '2eb27f66780eca2e7fdb256a07d9c346af91cc191b005c4e4de5322f892ef6d8', '15eab93f1acf69e242196ce24bb0ebd505488fddd0434152e451542ab68273d0', 'c3fe2408d8a37139f1fce1055199457b423ad32c8b66f6f4e4eb762b37226adb', '6960c850254b4e681b2bfdf27480978d589db79c3adca1cd3bfcafad386c6ca8', '58c24127145dbf6b44535744447a0708f22e855b8452ef5f14326453664ee0d8', '9b41837042f3b8f5fe941b8d1d961fe181ce6c82fd650f249c009dd5a4a671d4', '15eab93f1acf69e242196ce24bb0ebd505488fddd0434152e451542ab68273d0', '32812bb68d90fc41fe5165c4c435f0dbb67fc253df6ba8bdd06e0b0e404e2af6', '2eb27f66780eca2e7fdb256a07d9c346af91cc191b005c4e4de5322f892ef6d8', '15eab93f1acf69e242196ce24bb0ebd505488fddd0434152e451542ab68273d0', '32812bb68d90fc41fe5165c4c435f0dbb67fc253df6ba8bdd06e0b0e404e2af6', 'b83e778f78aab4fd037a88d32cb8852236e9450ce9b1228e9196cfb7b8b500d9', '4e5cd534ecb1ff4aa49ff38b68e6cebce80447d4adcc054ecc5a389e4769149e', '2eb27f66780eca2e7fdb256a07d9c346af91cc191b005c4e4de5322f892ef6d8', '2eb27f66780eca2e7fdb256a07d9c346af91cc191b005c4e4de5322f892ef6d8', 'c55d120bca9aec7e3ed88d38e6c4ee45a3c4ff236c8f077944496936d9523958', '6960c850254b4e681b2bfdf27480978d589db79c3adca1cd3bfcafad386c6ca8', '15eab93f1acf69e242196ce24bb0ebd505488fddd0434152e451542ab68273d0', '2eb27f66780eca2e7fdb256a07d9c346af91cc191b005c4e4de5322f892ef6d8', '15eab93f1acf69e242196ce24bb0ebd505488fddd0434152e451542ab68273d0', '9b41837042f3b8f5fe941b8d1d961fe181ce6c82fd650f249c009dd5a4a671d4', '2eb27f66780eca2e7fdb256a07d9c346af91cc191b005c4e4de5322f892ef6d8', '9b41837042f3b8f5fe941b8d1d961fe181ce6c82fd650f249c009dd5a4a671d4', '15eab93f1acf69e242196ce24bb0ebd505488fddd0434152e451542ab68273d0']",73475cb40a568e8da8a045ced110137e159f890ac4da883b6b17dc651b3a8049
462441,"['957799cfd9a6c92a0cdba12e8567a88b21d474f90dad3b0a469f5b8d3ff2c1e9', '50c7649876825c7621086256b81f35b85ae19a888d55b0aca6189f30458925d6', '94ba8f2fef2a583869f6cae00f130b21d24c47e04043a5118ca87d526f0eb417']",4e07408562bedb8b60ce05c1decfe3ad16b72230967de01f640b7e4729b49fce
344925,"['1129055a09e8f90dd3136dced0f958fca46bccf111fea0923492c185230c7c82', '8a8780e686116908d96bd26698c25af726d2eaba3beaa8d0a612c9d264b8dbc1', '17f2d6cf7ddb0ee5b513eef11d49e6ba898609ae272ac8ef093fd2e98c45beb0', '94ba8f2fef2a583869f6cae00f130b21d24c47e04043a5118ca87d526f0eb417', '8a8780e686116908d96bd26698c25af726d2eaba3beaa8d0a612c9d264b8dbc1', '1129055a09e8f90dd3136dced0f958fca46bccf111fea0923492c185230c7c82']",e7f6c011776e8db7cd330b54174fd76f7d0216b612387a5ffcfb81e6f0919683
219488,"['50c7649876825c7621086256b81f35b85ae19a888d55b0aca6189f30458925d6', '94ba8f2fef2a583869f6cae00f130b21d24c47e04043a5118ca87d526f0eb417', '8a8780e686116908d96bd26698c25af726d2eaba3beaa8d0a612c9d264b8dbc1']",4e07408562bedb8b60ce05c1decfe3ad16b72230967de01f640b7e4729b49fce
169942,"['745288f0eea1d5015a667218564aa8406bfa92cca55080c926ef7c0d1ba6ab2d', '92154ce7ee846aa49ae7d2284de5a14a63aec88d318fa6e4fc780b0bdd970849', '7d0dfc6370500cf4c0839f5c51872834278d63bca98ce992aa364d47ae4105e1', '6a0d0513a5ee50b94497279373d6b8c16e6564c966c2a461b898c2de5d12c39f', '7d0dfc6370500cf4c0839f5c51872834278d63bca98ce992aa364d47ae4105e1', '7d0dfc6370500cf4c0839f5c51872834278d63bca98ce992aa364d47ae4105e1', '7d0dfc6370500cf4c0839f5c51872834278d63bca98ce992aa364d47ae4105e1', '6a0d0513a5ee50b94497279373d6b8c16e6564c966c2a461b898c2de5d12c39f', '7d0dfc6370500cf4c0839f5c51872834278d63bca98ce992aa364d47ae4105e1', '6a0d0513a5ee50b94497279373d6b8c16e6564c966c2a461b898c2de5d12c39f', '7d0dfc6370500cf4c0839f5c51872834278d63bca98ce992aa364d47ae4105e1', 'e21b8cb5b29e6d909ecde838975e5ce4045f0422bd6b5766c1e9fbab1f72a038', '6a0d0513a5ee50b94497279373d6b8c16e6564c966c2a461b898c2de5d12c39f', '7d0dfc6370500cf4c0839f5c51872834278d63bca98ce992aa364d47ae4105e1', '6a0d0513a5ee50b94497279373d6b8c16e6564c966c2a461b898c2de5d12c39f', '7d0dfc6370500cf4c0839f5c51872834278d63bca98ce992aa364d47ae4105e1', '6a0d0513a5ee50b94497279373d6b8c16e6564c966c2a461b898c2de5d12c39f', '7d0dfc6370500cf4c0839f5c51872834278d63bca98ce992aa364d47ae4105e1', '6a0d0513a5ee50b94497279373d6b8c16e6564c966c2a461b898c2de5d12c39f', '7d0dfc6370500cf4c0839f5c51872834278d63bca98ce992aa364d47ae4105e1', '7d0dfc6370500cf4c0839f5c51872834278d63bca98ce992aa364d47ae4105e1', '6a0d0513a5ee50b94497279373d6b8c16e6564c966c2a461b898c2de5d12c39f', '7d0dfc6370500cf4c0839f5c51872834278d63bca98ce992aa364d47ae4105e1', '6a0d0513a5ee50b94497279373d6b8c16e6564c966c2a461b898c2de5d12c39f', '7d0dfc6370500cf4c0839f5c51872834278d63bca98ce992aa364d47ae4105e1', '6a0d0513a5ee50b94497279373d6b8c16e6564c966c2a461b898c2de5d12c39f', '7d0dfc6370500cf4c0839f5c51872834278d63bca98ce992aa364d47ae4105e1', '6a0d0513a5ee50b94497279373d6b8c16e6564c966c2a461b898c2de5d12c39f', '7d0dfc6370500cf4c0839f5c51872834278d63bca98ce992aa364d47ae4105e1', '6a0d0513a5ee50b94497279373d6b8c16e6564c966c2a461b898c2de5d12c39f', '6a0d0513a5ee50b94497279373d6b8c16e6564c966c2a461b898c2de5d12c39f', '7d0dfc6370500cf4c0839f5c51872834278d63bca98ce992aa364d47ae4105e1', '6a0d0513a5ee50b94497279373d6b8c16e6564c966c2a461b898c2de5d12c39f', '7d0dfc6370500cf4c0839f5c51872834278d63bca98ce992aa364d47ae4105e1', '6a0d0513a5ee50b94497279373d6b8c16e6564c966c2a461b898c2de5d12c39f', '7d0dfc6370500cf4c0839f5c51872834278d63bca98ce992aa364d47ae4105e1', '6a0d0513a5ee50b94497279373d6b8c16e6564c966c2a461b898c2de5d12c39f', '7d0dfc6370500cf4c0839f5c51872834278d63bca98ce992aa364d47ae4105e1', '7d0dfc6370500cf4c0839f5c51872834278d63bca98ce992aa364d47ae4105e1', '6a0d0513a5ee50b94497279373d6b8c16e6564c966c2a461b898c2de5d12c39f', '7d0dfc6370500cf4c0839f5c51872834278d63bca98ce992aa364d47ae4105e1', '6a0d0513a5ee50b94497279373d6b8c16e6564c966c2a461b898c2de5d12c39f', '6a0d0513a5ee50b94497279373d6b8c16e6564c966c2a461b898c2de5d12c39f', '7d0dfc6370500cf4c0839f5c51872834278d63bca98ce992aa364d47ae4105e1', '6a0d0513a5ee50b94497279373d6b8c16e6564c966c2a461b898c2de5d12c39f', '7d0dfc6370500cf4c0839f5c51872834278d63bca98ce992aa364d47ae4105e1', '7d0dfc6370500cf4c0839f5c51872834278d63bca98ce992aa364d47ae4105e1', '6a0d0513a5ee50b94497279373d6b8c16e6564c966c2a461b898c2de5d12c39f', '7d0dfc6370500cf4c0839f5c51872834278d63bca98ce992aa364d47ae4105e1', '7d0dfc6370500cf4c0839f5c51872834278d63bca98ce992aa364d47ae4105e1', '6a0d0513a5ee50b94497279373d6b8c16e6564c966c2a461b898c2de5d12c39f', '6a0d0513a5ee50b94497279373d6b8c16e6564c966c2a461b898c2de5d12c39f', '7d0dfc6370500cf4c0839f5c51872834278d63bca98ce992aa364d47ae4105e1', '6a0d0513a5ee50b94497279373d6b8c16e6564c966c2a461b898c2de5d12c39f', 'c16129312b4550c09f9f00901a574fdd434805ec81adca1fb664ac32d0e57ee5', '6a0d0513a5ee50b94497279373d6b8c16e6564c966c2a461b898c2de5d12c39f', '7d0dfc6370500cf4c0839f5c51872834278d63bca98ce992aa364d47ae4105e1', '7d0dfc6370500cf4c0839f5c51872834278d63bca98ce992aa364d47ae4105e1', '6a0d0513a5ee50b94497279373d6b8c16e6564c966c2a461b898c2de5d12c39f', '6a0d0513a5ee50b94497279373d6b8c16e6564c966c2a461b898c2de5d12c39f', '7d0dfc6370500cf4c0839f5c51872834278d63bca98ce992aa364d47ae4105e1', '6a0d0513a5ee50b94497279373d6b8c16e6564c966c2a461b898c2de5d12c39f', '7d0dfc6370500cf4c0839f5c51872834278d63bca98ce992aa364d47ae4105e1', '7d0dfc6370500cf4c0839f5c51872834278d63bca98ce992aa364d47ae4105e1', '7d0dfc6370500cf4c0839f5c51872834278d63bca98ce992aa364d47ae4105e1', '6a0d0513a5ee50b94497279373d6b8c16e6564c966c2a461b898c2de5d12c39f', '6a0d0513a5ee50b94497279373d6b8c16e6564c966c2a461b898c2de5d12c39f', '7d0dfc6370500cf4c0839f5c51872834278d63bca98ce992aa364d47ae4105e1', '6a0d0513a5ee50b94497279373d6b8c16e6564c966c2a461b898c2de5d12c39f', '7d0dfc6370500cf4c0839f5c51872834278d63bca98ce992aa364d47ae4105e1', '6a0d0513a5ee50b94497279373d6b8c16e6564c966c2a461b898c2de5d12c39f', '7d0dfc6370500cf4c0839f5c51872834278d63bca98ce992aa364d47ae4105e1', '6a0d0513a5ee50b94497279373d6b8c16e6564c966c2a461b898c2de5d12c39f', '7d0dfc6370500cf4c0839f5c51872834278d63bca98ce992aa364d47ae4105e1', '6a0d0513a5ee50b94497279373d6b8c16e6564c966c2a461b898c2de5d12c39f', '7d0dfc6370500cf4c0839f5c51872834278d63bca98ce992aa364d47ae4105e1', '7d0dfc6370500cf4c0839f5c51872834278d63bca98ce992aa364d47ae4105e1', '7d0dfc6370500cf4c0839f5c51872834278d63bca98ce992aa364d47ae4105e1', '6a0d0513a5ee50b94497279373d6b8c16e6564c966c2a461b898c2de5d12c39f', '7d0dfc6370500cf4c0839f5c51872834278d63bca98ce992aa364d47ae4105e1', '7d0dfc6370500cf4c0839f5c51872834278d63bca98ce992aa364d47ae4105e1', '6a0d0513a5ee50b94497279373d6b8c16e6564c966c2a461b898c2de5d12c39f', '6a0d0513a5ee50b94497279373d6b8c16e6564c966c2a461b898c2de5d12c39f', '7d0dfc6370500cf4c0839f5c51872834278d63bca98ce992aa364d47ae4105e1', '7d0dfc6370500cf4c0839f5c51872834278d63bca98ce992aa364d47ae4105e1', '6a0d0513a5ee50b94497279373d6b8c16e6564c966c2a461b898c2de5d12c39f', '7d0dfc6370500cf4c0839f5c51872834278d63bca98ce992aa364d47ae4105e1', '6a0d0513a5ee50b94497279373d6b8c16e6564c966c2a461b898c2de5d12c39f', 'd319a11178e062e223f3faa7e4c12aaa90e42e270df6f4a3597e3ee107744cea']",cd70bea023f752a0564abb6ed08d42c1440f2e33e29914e55e0be1595e24f45a
381793,"['b8a274a4097cfe17201d024f86dcbe2a603373558ca6213ddec9c961752b72ed', 'cf488acc4d95a725831a0162ff06023768b3dd2774ebecc78158fb3ccc87b64c', 'f507f689bf113fe69dbf5a59f51e19b95b84f028e1845745ed87d916ba48f32d', '9223ca4ed49f566891865ec76d480bfce9b1a60eb70c6e23bc2313651d93248c', '59bd36613d3fcb37943a414ebff637741bc10fc2923031f987e937d571baaf1f', '9223ca4ed49f566891865ec76d480bfce9b1a60eb70c6e23bc2313651d93248c', '00ba39775a4a4b90c7b9096c93ab90da03aaff4bddb917b194ce38f3ab52e389', '35b7ad7cc038ca5ef659d446b2c08b24443e058f0b3d7cc8352291b3bbdf4ad5', '4b81be8641972b18a7bc19c57deb549c5659a910de701fa32ebf94d6e0373cf9', '00ba39775a4a4b90c7b9096c93ab90da03aaff4bddb917b194ce38f3ab52e389']",4a44dc15364204a80fe80e9039455cc1608281820fe2b24f1e5233ade6af1dd5
223910,"['eba69147dc8b42a23ee121338903d6f47678e877ef8011435b48a275f4c8ceb8', '94ba8f2fef2a583869f6cae00f130b21d24c47e04043a5118ca87d526f0eb417']",d4735e3a265e16eee03f59718b9b5d03019c07d8b6c51f90da3a666eec13ab35
450862,"['58c24127145dbf6b44535744447a0708f22e855b8452ef5f14326453664ee0d8', 'c55d120bca9aec7e3ed88d38e6c4ee45a3c4ff236c8f077944496936d9523958', 'e32670bfb3478303c702a500c35122c83784be29f517bc269925e492938707ab', 'ab28f0719f3c06ea65f0fe6521223161c3f0e24f7bbdc3dab0cd10ee58657a3e', '6960c850254b4e681b2bfdf27480978d589db79c3adca1cd3bfcafad386c6ca8', 'a0d661ca1fbbf136eb50aabe24b416481b4176ec746b12bf6505b950ab79e545', '1bc9f96e87d39662e59f6f2891bf08ed125ec28bfa0cc804ddca049a25136b6b', 'c08df3cc6b7c33d922f669af98072eb211dbc6f9c54fdf61aa82c9a8b4a3bb61', 'c55d120bca9aec7e3ed88d38e6c4ee45a3c4ff236c8f077944496936d9523958', '1bc9f96e87d39662e59f6f2891bf08ed125ec28bfa0cc804ddca049a25136b6b', '1bc9f96e87d39662e59f6f2891bf08ed125ec28bfa0cc804ddca049a25136b6b', '15eab93f1acf69e242196ce24bb0ebd505488fddd0434152e451542ab68273d0']",6b51d431df5d7f141cbececcf79edf3dd861c3b4069f0b11661a3eefacbba918
248592,"['264ba208eeee40b7c77606f5e4270bdd31cdbe0da447d422fe5227bc7620e33a', '957799cfd9a6c92a0cdba12e8567a88b21d474f90dad3b0a469f5b8d3ff2c1e9', 'ac03b273abe862029c1210694ef41dd33bcddd0418392d1940dd58bf76994ccf', '264ba208eeee40b7c77606f5e4270bdd31cdbe0da447d422fe5227bc7620e33a', 'e877ee1d4def9e263bb3276e24bfaaec1faf3c0f028604c6d9483713c4d035bb', 'b98ee8669a57be8fd683d10235a884f8c65b2e5bde5157c0b45d7ab825f11de0', '3b706e082532f72060fed36b54d9160047ed9df521289562e16a6b2eced8045c', '24d6038cc898cf76441d6bc3420017de16a16a1bac2400305acde314cab7c1c6']",2c624232cdd221771294dfbb310aca000a0df6ac8b66b696d90ef06fdefb64a3
64389,"['6642a52e0508bd87e24cbb308289d7d2d26b923cd1f4f9223ed60cf1efcf7885', 'eeb0fab935c470c57e6c2da12d3d8f91e7ae8843c8e98c1bb430b8c66df8283c', '8a8780e686116908d96bd26698c25af726d2eaba3beaa8d0a612c9d264b8dbc1']",4e07408562bedb8b60ce05c1decfe3ad16b72230967de01f640b7e4729b49fce
253589,"['af3b1cab44d0b462e07b5a545af0b5fddaf695d5241cb1ff867847f5db7658f3', 'edc628c1e50754f1f0b62a855fd9568a54d073e4e8d709c40dac670253dda3e6', 'e35f32c8d1a144e4effcc8aec4750e289e19606e202241d242489a7217f719b0', 'e35f32c8d1a144e4effcc8aec4750e289e19606e202241d242489a7217f719b0', 'e35f32c8d1a144e4effcc8aec4750e289e19606e202241d242489a7217f719b0', 'e35f32c8d1a144e4effcc8aec4750e289e19606e202241d242489a7217f719b0', '5b7a0a23b7241d3c5093e220f454b8b850abd148da74414afe8b9f50058ad1a5', 'af3ae875e89e5dec114f29b9c32b44c464b7be861e4647bbb8832081de8803fa', 'e35f32c8d1a144e4effcc8aec4750e289e19606e202241d242489a7217f719b0', '5b7a0a23b7241d3c5093e220f454b8b850abd148da74414afe8b9f50058ad1a5', '1cae76d372e29a0c1e4971cfd2b78204d84fa567639151c81fab6b557c5a4335', '84629aa3314a51098a387a709b640c284830c8782d65e2fb2ba8ef0f7cda9451', '5b7a0a23b7241d3c5093e220f454b8b850abd148da74414afe8b9f50058ad1a5', '6642a52e0508bd87e24cbb308289d7d2d26b923cd1f4f9223ed60cf1efcf7885', '5b7a0a23b7241d3c5093e220f454b8b850abd148da74414afe8b9f50058ad1a5', '1cae76d372e29a0c1e4971cfd2b78204d84fa567639151c81fab6b557c5a4335', '4b1d268127f4d35e57daf940a5790c56aa6536cb1ef09277876eee5bc35ae0a1', 'e35f32c8d1a144e4effcc8aec4750e289e19606e202241d242489a7217f719b0', '2e156da253a8350c56ccad0375194522013cf652e19b5a0e90d538a892f5747d', 'ac03b273abe862029c1210694ef41dd33bcddd0418392d1940dd58bf76994ccf', '5b7a0a23b7241d3c5093e220f454b8b850abd148da74414afe8b9f50058ad1a5', '5b7a0a23b7241d3c5093e220f454b8b850abd148da74414afe8b9f50058ad1a5', 'fb507b0cabf4563fc328e4b6c4be544e21f909c2e2bee34cb97c167290c05690']",535fa30d7e25dd8a49f1536779734ec8286108d115da5045d77f3b4185d8f790
